-- phpMyAdmin SQL Dump
-- version 5.1.1
-- https://www.phpmyadmin.net/
--
-- 主機： localhost
-- 產生時間： 2022 年 01 月 05 日 10:41
-- 伺服器版本： 10.4.21-MariaDB
-- PHP 版本： 7.4.26

SET SQL_MODE = "NO_AUTO_VALUE_ON_ZERO";
START TRANSACTION;
SET time_zone = "+00:00";


/*!40101 SET @OLD_CHARACTER_SET_CLIENT=@@CHARACTER_SET_CLIENT */;
/*!40101 SET @OLD_CHARACTER_SET_RESULTS=@@CHARACTER_SET_RESULTS */;
/*!40101 SET @OLD_COLLATION_CONNECTION=@@COLLATION_CONNECTION */;
/*!40101 SET NAMES utf8mb4 */;

--
-- 資料庫: `動物園商品`
--

-- --------------------------------------------------------

--
-- 資料表結構 `供應商`
--

CREATE TABLE `供應商` (
  `sid` int(255) NOT NULL,
  `供應商名稱` varchar(255) NOT NULL,
  `供應商地址` varchar(255) NOT NULL,
  `供應商電話` varchar(255) NOT NULL,
  `供應項目` varchar(255) NOT NULL,
  `更新時間` date NOT NULL
) ENGINE=InnoDB DEFAULT CHARSET=utf8mb4;

--
-- 傾印資料表的資料 `供應商`
--

INSERT INTO `供應商` (`sid`, `供應商名稱`, `供應商地址`, `供應商電話`, `供應項目`, `更新時間`) VALUES
(1, '嘉冠貿易有限公司', '台北市松山區新中街52巷22號7樓', '0227660252', '絨毛玩具', '2019-01-08'),
(2, '立昇實業股份有限公司', '新北市新莊區新樹路268巷18號', '0222028608', '絨毛玩具', '2016-01-12'),
(3, '聖沃國際有限公司', '台北市內湖區成功路四段323巷9弄4號5樓', '0227945506', '絨毛玩具', '2015-01-13'),
(4, '振新文具有限公司', '台北市大同區太原路11巷35號', '0225505866', '絨毛玩具', '2017-06-15'),
(5, '華祐國際有限公司', '新北市新莊區新北大道四段187號13樓之1', '0285216716', '絨毛玩具', '2019-06-20'),
(6, '瑞志國際股份有限公司', '新北市中和區平河里 中正路７６４號４樓', '0282281628', '絨毛玩具', '2019-08-28'),
(7, '司麥樂企業有限公司', '台北市中山區敬業一路128巷28號2樓', '0285023198', '絨毛玩具', '2019-02-18'),
(8, '天琦實業有限公司', '新北市板橋區貴興路106巷16弄2號', '0229640072', '絨毛玩具', '2017-12-20'),
(9, '日椿國際有限公司', '新北市蘆洲區復興路105巷17號三樓', '0222822895', '絨毛玩具', '2020-10-14'),
(10, '派博國際有限公司', '台北市內湖區成功路4段323巷9弄4號', '0227925287', '絨毛玩具', '2021-12-16'),
(11, '兩儀事業股份有限公司', '台北市大安區忠孝東路三段197號3樓', '0227517728', '益智遊戲', '2021-09-21'),
(12, 'SunnyBaby生活館', '新竹縣竹東鎮竹美路二段109號', '035836368', '益智遊戲', '2020-01-13'),
(13, '品福事業有限公司', '高雄市三民區明吉路9號B1', '073495788', '益智遊戲', '2018-02-19'),
(14, '華泰玩具(玩具連鎖專賣店)', '宜蘭縣宜蘭市舊城東路35之1號', '039367113', '益智遊戲', '2019-01-28'),
(15, '三協資訊股份有限公司', '台中市南區美村路二段186號3樓之1', '0422627774', '益智遊戲', '2021-08-16'),
(16, '巧兒文化實業有限公司', '新北市中和區中山路二段315巷4號3樓', '0282422121', '益智遊戲', '2016-01-24'),
(17, '耕盛文教機構', '新北市新莊區中港一街157號1樓', '0222792900', '益智遊戲', '2015-02-10'),
(18, '東東數位科技有限公司', '新北市土城區中華路一段36號4樓之3', '0282261088', '益智遊戲', '2014-01-28'),
(19, '龍博士健康左右腦有限公司', '新北市中和區永和路337巷2號5樓', '0282287288~18', '益智遊戲', '2019-01-15'),
(20, '隆中網絡股份有限公司', '新北市新店區民權路95號14樓之1', '0222183785', '益智遊戲', '2018-02-20'),
(21, '東安生技實業股份有限公司', '台中市北屯區建和路二段206號', '0424368666', '生活用品', '2019-02-14'),
(22, '九乘九文具專家', '高雄市新興區中山二路522號', '072018899', '生活用品', '2013-09-18'),
(23, '佳一味企業社', '新北市三重區和平街39號', '0229747670', '生活用品', '2016-06-24'),
(24, '泰允創意有限公司', '桃園市桃園區藝文一街86之3號5樓', '033566818', '生活用品', '2021-01-22'),
(25, '璽悅婦兒有限公司', '台北市士林區中正路420號8樓', '0277292505', '生活用品', '2012-12-17'),
(26, '燁新國際有限公司', '桃園市中壢區內定五街39巷50之1號', '034632827', '生活用品', '2018-06-11'),
(27, '臺隆工業股份有限公司', '台北市中山區松江路261號6樓', '0225035508', '生活用品', '2016-01-29'),
(28, '建準電機工業股份有限公司', '高雄市前鎮區新衙路296巷30號', '078135888', '生活用品', '2018-03-15'),
(29, '天使學園網路股份有限公司', '台北市大安區信義路三段41號1樓', '0227015339', '生活用品', '2018-11-14'),
(30, '愛心進行銷設計股份有限公司', '台中市烏日區慶光路70之26號', '0423354628', '生活用品', '2017-01-17'),
(31, '何嘉仁國際文教團隊', '台北市中山區民權東路二段107號', '0225926998', '圖書', '2021-09-19'),
(32, '恩文事業', '台北市松山區南京東路4段186號9樓–7', '0225777011', '圖書', '2022-01-09'),
(33, '羅伯克林有限公司', '台北市士林區忠誠路二段130巷3號1樓', '0228725757', '圖書', '2022-01-23'),
(34, '繪豪企業有限公司', '新北市中和區中山路2段327巷20號3樓', '0222428968', '圖書', '2022-01-14'),
(35, '大輿出版社股份有限公司', '台北市萬華區廣州街189號4樓', '0223028768\r\n', '圖書', '2022-01-01'),
(36, '頂泰興資訊有限公司', '新北市中和區員山路512之7號4樓', '0222219869~112', '圖書', '2021-09-27'),
(37, '及第出版社\r\n', '台中市北區德化街269號1樓', '0422352519\r\n', '圖書', '2021-04-20'),
(38, '勤力國際股份有限公司', '新北市新店區寶高路20號', '0229106880', '圖書', '2019-01-21'),
(39, '建興文化事業有限公司', '新北市中和區立德街26巷5弄1之1號', '0222220866', '圖書', '2016-11-16'),
(40, '私立寰宇英日語短期補習班', '台南市中西區民族路二段153號6樓', '062237338\r\n', '圖書', '2018-06-15'),
(41, '網購韓服、日韓服飾、精品韓國衣服', '台中市北屯區大連路一段42號1樓', '0422916314', '服裝', '2017-07-15'),
(42, '凱蘿琳蔡時尚國際有限公司', '新北市三重區重新路五段609巷14號9樓之10', '0229998669', '服裝', '2016-08-08'),
(43, '双邦實業股份有限公司', '南投縣南投市永興路3號', '0492257450', '服裝', '2013-09-30'),
(44, '新力服裝有限公司', '台南市南區慶南街188號(金華公園大門口)', '062925161', '服裝', '2015-10-12'),
(45, '俊克服飾開發有限公司', '台北市中山區民權西路11號14樓', '0225859262\r\n', '服裝', '2016-01-27'),
(46, '雜碎江湖舞蹈戲劇服飾', '台南市永康區中華路12號13樓之3', '063136058\r\n', '服裝', '2018-02-26'),
(47, '擎普國際貿易有限公司', '台北市信義區信安街60號1樓', '0227325488', '服裝', '2017-05-12'),
(48, '銀穗國際企業股份有限公司', '台北市中山區民權西路42號5樓', '0225234655', '服裝', '2019-04-12'),
(49, '京城運動用品社', '屏東縣潮州鎮新生路141號', '087892010', '服裝', '2020-01-24'),
(50, '多田企業有限公司', '台北市大安區忠孝東路四段212號11樓', '022740-3096', '服裝', '2020-01-14'),
(51, '平價文具量販', '高雄市新興區中山二路522號', '072018899', '文具用品', '2015-11-30'),
(52, '鼎隆國際商業有限公司', '台中市西屯區台中港路二段124號', '0427065411', '文具用品', '2017-08-30'),
(53, '龍德數位科技有限公司', '台南市南區新和一路3巷3號', '062657021', '文具用品', '2019-07-24'),
(54, '金玉堂文具股份有限公司', '高雄市大寮區鳳屏一路729號', '077025666', '文具用品', '2016-06-22'),
(55, '藝群印刷公司(台北數位印刷)', '台北市中正區汀州路三段54號', '0227350157\r\n', '文具用品', '2017-01-20'),
(56, '大智通文化行銷股份有限公司', '新北市樹林區佳園路二段70之1號', '0226687017', '文具用品', '2017-07-17'),
(57, '金台北家居用品百貨', '新北市林口區南勢村8鄰77之36號', '0226093731', '文具用品', '2018-04-26'),
(58, '傳動數位設計印刷', '新北市三重區重新路三段111號12樓', '022986-6635', '文具用品', '2019-09-24'),
(59, '清豐企業股份有限公司', '台南市中西區成功路50號806室', '062221195', '文具用品', '2016-01-18'),
(60, '光南大批發', '屏東縣屏東市永福路31號', '087323266', '文具用品', '2018-01-22');

-- --------------------------------------------------------

--
-- 資料表結構 `商品規格`
--

CREATE TABLE `商品規格` (
  `sid` int(255) NOT NULL,
  `包裝長(cm)` int(255) NOT NULL,
  `包裝寬(cm)` int(255) NOT NULL,
  `包裝高(cm)` int(255) NOT NULL,
  `包裝重量(克)` int(255) NOT NULL
) ENGINE=InnoDB DEFAULT CHARSET=utf8;

--
-- 傾印資料表的資料 `商品規格`
--

INSERT INTO `商品規格` (`sid`, `包裝長(cm)`, `包裝寬(cm)`, `包裝高(cm)`, `包裝重量(克)`) VALUES
(1, 23, 24, 35, 123),
(2, 13, 23, 23, 231),
(3, 31, 32, 23, 312),
(4, 31, 32, 32, 213),
(5, 13, 23, 32, 321),
(6, 13, 32, 23, 231),
(7, 13, 23, 23, 321),
(8, 31, 32, 23, 123),
(9, 31, 23, 32, 132),
(10, 13, 32, 32, 123),
(11, 234, 234, 32, 23424),
(1002, 53, 86, 71, 179),
(1003, 62, 61, 25, 2),
(1004, 25, 32, 26, 984),
(1005, 79, 17, 94, 185),
(1006, 86, 87, 56, 501),
(1007, 24, 35, 46, 61),
(1008, 14, 77, 5, 796),
(1009, 23, 7, 48, 946),
(1010, 2, 2, 80, 326),
(1011, 48, 8, 1, 328),
(1012, 44, 60, 28, 818),
(1013, 89, 26, 57, 322),
(1014, 50, 99, 66, 190),
(1015, 77, 59, 61, 948),
(1016, 5, 49, 98, 693),
(1017, 30, 1, 34, 268),
(1018, 91, 54, 50, 376),
(1019, 22, 20, 70, 128),
(1020, 35, 51, 13, 236),
(1021, 14, 95, 40, 195),
(1022, 78, 70, 38, 620),
(1023, 19, 2, 89, 187),
(1024, 4, 83, 15, 414),
(1025, 95, 83, 33, 676),
(1026, 96, 77, 20, 118),
(1027, 38, 67, 40, 174),
(1028, 46, 24, 13, 763),
(1029, 40, 50, 55, 533),
(1030, 37, 77, 73, 285),
(1031, 94, 85, 11, 104),
(1032, 22, 44, 54, 570),
(1033, 34, 76, 81, 176),
(1034, 29, 67, 18, 898),
(1035, 83, 64, 81, 958),
(1036, 77, 9, 34, 68),
(1037, 11, 71, 62, 260),
(1038, 30, 19, 21, 272),
(1039, 67, 19, 39, 991),
(1040, 81, 11, 52, 136),
(1041, 47, 53, 40, 845),
(1042, 76, 87, 7, 280),
(1043, 9, 37, 65, 340),
(1044, 41, 68, 37, 598),
(1045, 84, 69, 27, 546),
(1046, 39, 15, 31, 542),
(1047, 85, 91, 95, 325),
(1048, 40, 44, 70, 795),
(1049, 89, 43, 71, 244),
(1050, 83, 87, 11, 433),
(1051, 95, 38, 18, 161),
(1052, 89, 40, 79, 85),
(1053, 6, 67, 82, 868),
(1054, 21, 67, 81, 587),
(1055, 13, 6, 97, 228),
(1056, 97, 27, 13, 440),
(1057, 81, 52, 83, 752),
(1058, 1, 48, 96, 561),
(1059, 14, 22, 73, 342),
(1060, 2, 33, 84, 653),
(1061, 8, 39, 5, 879),
(1062, 86, 98, 47, 422),
(1063, 8, 3, 90, 343),
(1064, 61, 88, 53, 160),
(1065, 54, 32, 90, 931),
(1066, 43, 28, 11, 899),
(1067, 28, 47, 75, 28),
(1068, 30, 37, 21, 816),
(1069, 92, 76, 1, 161),
(1070, 9, 14, 66, 529),
(1071, 66, 83, 90, 543),
(1072, 75, 90, 73, 475),
(1073, 90, 94, 93, 647),
(1074, 83, 67, 91, 879),
(1075, 75, 75, 59, 535),
(1076, 67, 34, 60, 269),
(1077, 98, 32, 94, 311),
(1078, 79, 57, 9, 743),
(1079, 22, 84, 57, 765),
(1080, 66, 39, 95, 765),
(1081, 59, 17, 65, 900),
(1082, 22, 73, 51, 610),
(1083, 20, 9, 69, 271),
(1084, 16, 64, 29, 237),
(1085, 52, 28, 67, 406),
(1086, 53, 44, 66, 949),
(1087, 67, 19, 50, 781),
(1088, 50, 6, 66, 300),
(1089, 93, 8, 71, 357),
(1090, 11, 93, 13, 431),
(1091, 38, 49, 23, 491),
(1092, 22, 14, 66, 208),
(1093, 55, 70, 73, 252),
(1094, 56, 54, 25, 895),
(1095, 53, 78, 19, 450),
(1096, 48, 58, 28, 141),
(1097, 21, 27, 15, 777),
(1098, 63, 20, 1, 578),
(1099, 34, 43, 71, 229),
(1100, 51, 60, 6, 391),
(1101, 35, 11, 10, 808),
(1102, 93, 98, 63, 258),
(1103, 48, 70, 54, 179),
(1104, 63, 95, 13, 192),
(1105, 59, 33, 65, 161),
(1106, 5, 62, 17, 805),
(1107, 8, 12, 52, 284),
(1108, 75, 12, 37, 377),
(1109, 61, 80, 61, 546),
(1110, 82, 81, 69, 102),
(1111, 21, 37, 63, 669),
(1112, 13, 27, 10, 129),
(1113, 5, 67, 77, 741),
(1114, 87, 32, 8, 337),
(1115, 1, 7, 29, 230),
(1116, 80, 40, 47, 819),
(1117, 98, 41, 96, 595),
(1118, 22, 27, 61, 623),
(1119, 68, 81, 69, 617),
(1120, 16, 95, 55, 599),
(1121, 52, 23, 69, 428),
(1122, 76, 56, 75, 857),
(1123, 64, 50, 43, 908),
(1124, 20, 4, 11, 11),
(1125, 41, 67, 57, 848),
(1126, 83, 90, 87, 187),
(1127, 10, 29, 24, 241),
(1128, 78, 58, 73, 538),
(1129, 11, 89, 71, 323),
(1130, 62, 32, 42, 799),
(1131, 25, 41, 19, 322),
(1132, 73, 49, 73, 581),
(1133, 57, 62, 87, 620),
(1134, 59, 43, 95, 937),
(1135, 32, 25, 48, 221),
(1136, 11, 92, 64, 640),
(1137, 35, 54, 45, 864),
(1138, 59, 72, 31, 96),
(1139, 96, 80, 7, 781),
(1140, 13, 97, 82, 611),
(1141, 34, 66, 71, 530),
(1142, 1, 31, 91, 594),
(1143, 26, 56, 99, 746),
(1144, 47, 40, 74, 237),
(1145, 28, 36, 20, 226),
(1146, 96, 50, 67, 445),
(1147, 96, 86, 8, 867),
(1148, 75, 89, 26, 605),
(1149, 8, 57, 34, 977),
(1150, 37, 25, 82, 251),
(1151, 11, 87, 45, 460),
(1152, 14, 12, 4, 485),
(1153, 86, 95, 95, 723),
(1154, 16, 78, 37, 150),
(1155, 27, 27, 79, 223),
(1156, 62, 26, 18, 950),
(1157, 41, 68, 87, 57),
(1158, 73, 71, 96, 826),
(1159, 69, 25, 15, 767),
(1160, 10, 92, 5, 431),
(1161, 48, 85, 75, 529),
(1162, 21, 67, 50, 524),
(1163, 94, 82, 76, 627),
(1164, 90, 33, 34, 426),
(1165, 76, 87, 70, 637),
(1166, 53, 95, 50, 487),
(1167, 65, 7, 91, 74),
(1168, 76, 9, 65, 314),
(1169, 84, 75, 41, 927),
(1170, 94, 53, 3, 966),
(1171, 24, 86, 55, 865),
(1172, 15, 40, 80, 911),
(1173, 17, 11, 33, 986),
(1174, 27, 33, 63, 621),
(1175, 32, 87, 28, 384),
(1176, 56, 33, 32, 1),
(1177, 29, 2, 87, 525),
(1178, 84, 59, 88, 346),
(1179, 72, 53, 66, 612),
(1180, 18, 10, 63, 735),
(1181, 8, 15, 42, 968),
(1182, 60, 11, 49, 684),
(1183, 47, 63, 39, 980),
(1184, 9, 9, 98, 921),
(1185, 19, 37, 66, 558),
(1186, 65, 83, 53, 139),
(1187, 78, 89, 15, 441),
(1188, 41, 68, 39, 172),
(1189, 64, 47, 40, 68),
(1190, 35, 18, 13, 37),
(1191, 30, 94, 63, 417),
(1192, 28, 17, 3, 857),
(1193, 15, 61, 53, 127),
(1194, 33, 24, 48, 119),
(1195, 11, 65, 13, 726),
(1196, 36, 76, 2, 300),
(1197, 38, 42, 26, 270),
(1198, 1, 66, 57, 40),
(1199, 22, 28, 39, 736),
(1200, 44, 78, 40, 751),
(1201, 99, 75, 11, 663),
(1202, 56, 24, 28, 895),
(1203, 31, 47, 28, 840),
(1204, 52, 93, 84, 782),
(1205, 66, 79, 77, 639),
(1206, 90, 7, 14, 914),
(1207, 51, 25, 77, 402),
(1208, 15, 86, 95, 891),
(1209, 55, 76, 94, 882),
(1210, 17, 71, 53, 165),
(1211, 29, 99, 95, 498),
(1212, 23, 48, 38, 921),
(1213, 94, 28, 48, 684),
(1214, 83, 11, 87, 137),
(1215, 6, 70, 51, 699),
(1216, 11, 51, 65, 865),
(1217, 17, 31, 75, 397),
(1218, 54, 46, 97, 864),
(1219, 19, 58, 52, 557),
(1220, 96, 22, 50, 793),
(1221, 13, 10, 73, 410),
(1222, 65, 80, 18, 258),
(1223, 68, 36, 96, 938),
(1224, 16, 73, 73, 983),
(1225, 67, 94, 3, 744),
(1226, 13, 53, 69, 308),
(1227, 91, 37, 82, 375),
(1228, 28, 17, 17, 325),
(1229, 21, 18, 50, 248),
(1230, 43, 51, 81, 29),
(1231, 85, 83, 57, 719),
(1232, 64, 89, 79, 371),
(1233, 36, 5, 76, 155),
(1234, 70, 46, 44, 892),
(1235, 96, 97, 93, 809),
(1236, 85, 20, 70, 223),
(1237, 64, 94, 23, 4),
(1238, 92, 2, 46, 603),
(1239, 62, 47, 93, 912),
(1240, 27, 63, 55, 926),
(1241, 3, 94, 51, 841),
(1242, 31, 23, 22, 847),
(1243, 90, 80, 28, 445),
(1244, 95, 89, 47, 706),
(1245, 36, 57, 2, 607),
(1246, 67, 82, 32, 194),
(1247, 22, 99, 49, 824),
(1248, 45, 66, 84, 996),
(1249, 51, 47, 42, 849),
(1250, 95, 13, 76, 1000),
(1251, 29, 35, 64, 832),
(1252, 21, 28, 10, 24),
(1253, 71, 21, 64, 962),
(1254, 40, 22, 38, 646),
(1255, 50, 86, 96, 506),
(1256, 78, 60, 10, 80),
(1257, 50, 84, 29, 362),
(1258, 32, 66, 75, 561),
(1259, 53, 93, 95, 593),
(1260, 40, 81, 58, 43),
(1261, 85, 55, 98, 675),
(1262, 93, 26, 35, 482),
(1263, 96, 95, 49, 76),
(1264, 14, 75, 77, 922),
(1265, 8, 52, 5, 981),
(1266, 39, 64, 37, 658),
(1267, 58, 92, 4, 84),
(1268, 43, 60, 24, 83),
(1269, 84, 68, 5, 820),
(1270, 83, 12, 28, 481),
(1271, 28, 75, 7, 967),
(1272, 67, 35, 3, 875),
(1273, 46, 56, 69, 588),
(1274, 40, 82, 96, 64),
(1275, 90, 8, 94, 636),
(1276, 47, 46, 18, 227),
(1277, 46, 21, 62, 613),
(1278, 34, 17, 66, 177),
(1279, 35, 30, 26, 548),
(1280, 97, 19, 22, 820),
(1281, 47, 62, 63, 785),
(1282, 44, 4, 9, 630),
(1283, 92, 26, 76, 375),
(1284, 10, 61, 48, 134),
(1285, 54, 21, 73, 994),
(1286, 29, 49, 98, 739),
(1287, 33, 70, 80, 420),
(1288, 79, 49, 88, 276),
(1289, 53, 35, 38, 301),
(1290, 15, 24, 7, 915),
(1291, 9, 86, 5, 51),
(1292, 91, 12, 53, 312),
(1293, 69, 80, 87, 630),
(1294, 33, 72, 73, 689),
(1295, 20, 64, 69, 389),
(1296, 12, 50, 18, 347),
(1297, 98, 36, 64, 869),
(1298, 93, 78, 6, 79),
(1299, 7, 76, 34, 978),
(1300, 88, 82, 18, 332),
(1301, 73, 71, 24, 557),
(1302, 23, 73, 40, 991),
(1303, 91, 19, 68, 776),
(1304, 54, 24, 60, 747),
(1305, 18, 24, 65, 73),
(1306, 91, 37, 55, 324),
(1307, 88, 57, 71, 209),
(1308, 60, 49, 26, 10),
(1309, 69, 6, 33, 390),
(1310, 5, 39, 58, 631),
(1311, 71, 11, 8, 159),
(1312, 13, 24, 19, 486),
(1313, 61, 16, 36, 445),
(1314, 78, 93, 92, 601),
(1315, 50, 75, 77, 552),
(1316, 4, 21, 32, 966),
(1317, 86, 86, 33, 410),
(1318, 69, 56, 18, 654),
(1319, 82, 28, 43, 685),
(1320, 80, 28, 32, 729),
(1321, 36, 36, 55, 631),
(1322, 32, 47, 30, 587),
(1323, 4, 64, 92, 785),
(1324, 43, 36, 94, 12),
(1325, 99, 35, 79, 698),
(1326, 95, 93, 85, 943),
(1327, 77, 55, 46, 220),
(1328, 8, 34, 47, 78),
(1329, 28, 26, 83, 382),
(1330, 26, 66, 31, 96),
(1331, 16, 87, 31, 334),
(1332, 80, 4, 41, 27),
(1333, 10, 52, 4, 874),
(1334, 83, 56, 62, 56),
(1335, 54, 69, 41, 193),
(1336, 19, 80, 94, 932),
(1337, 15, 98, 88, 401),
(1338, 48, 54, 38, 536),
(1339, 4, 37, 32, 958),
(1340, 18, 24, 33, 903),
(1341, 32, 31, 92, 423),
(1342, 24, 63, 12, 393),
(1343, 59, 45, 23, 116),
(1344, 25, 15, 17, 861),
(1345, 59, 94, 21, 539),
(1346, 93, 14, 96, 833),
(1347, 94, 23, 29, 996),
(1348, 18, 80, 52, 734),
(1349, 30, 37, 30, 372),
(1350, 77, 81, 35, 53),
(1351, 76, 50, 31, 617),
(1352, 15, 66, 81, 822),
(1353, 26, 29, 91, 622),
(1354, 87, 51, 28, 987),
(1355, 51, 32, 24, 150),
(1356, 16, 34, 82, 717),
(1357, 36, 48, 14, 263),
(1358, 41, 70, 80, 741),
(1359, 76, 69, 71, 577),
(1360, 83, 76, 19, 814),
(1361, 9, 65, 2, 711),
(1362, 10, 48, 16, 570),
(1363, 86, 76, 47, 772),
(1364, 22, 21, 35, 905),
(1365, 12, 17, 41, 658),
(1366, 41, 74, 42, 185),
(1367, 98, 30, 57, 709),
(1368, 77, 56, 73, 393),
(1369, 40, 89, 76, 804),
(1370, 16, 27, 36, 964),
(1371, 32, 57, 60, 987),
(1372, 28, 76, 97, 568),
(1373, 70, 40, 91, 381),
(1374, 31, 73, 66, 804),
(1375, 44, 49, 26, 706),
(1376, 24, 75, 74, 405),
(1377, 38, 50, 26, 996),
(1378, 22, 7, 34, 370),
(1379, 49, 27, 98, 624),
(1380, 64, 19, 9, 745),
(1381, 51, 53, 61, 320),
(1382, 55, 10, 46, 619),
(1383, 38, 91, 2, 7),
(1384, 68, 56, 39, 100),
(1385, 75, 98, 10, 779),
(1386, 53, 81, 52, 231),
(1387, 8, 18, 19, 600),
(1388, 34, 57, 39, 356),
(1389, 26, 95, 26, 282),
(1390, 73, 85, 15, 94),
(1391, 81, 75, 10, 249),
(1392, 38, 89, 49, 795),
(1393, 1, 35, 30, 282),
(1394, 87, 50, 16, 289),
(1395, 85, 73, 2, 512),
(1396, 8, 25, 18, 961),
(1397, 44, 72, 39, 796),
(1398, 9, 75, 74, 954),
(1399, 69, 11, 46, 819),
(1400, 47, 52, 8, 962),
(1401, 69, 37, 19, 106),
(1402, 27, 83, 86, 638),
(1403, 42, 56, 27, 635),
(1404, 15, 53, 61, 513),
(1405, 23, 20, 35, 395),
(1406, 87, 96, 32, 634),
(1407, 64, 22, 28, 32),
(1408, 10, 1, 10, 783),
(1409, 13, 68, 90, 527),
(1410, 4, 23, 3, 161),
(1411, 93, 54, 50, 769),
(1412, 46, 73, 64, 171),
(1413, 47, 50, 37, 272),
(1414, 94, 43, 74, 815),
(1415, 67, 44, 29, 33),
(1416, 48, 6, 43, 73),
(1417, 7, 61, 19, 882),
(1418, 26, 49, 4, 105),
(1419, 39, 2, 37, 465),
(1420, 17, 75, 85, 450),
(1421, 87, 82, 96, 350),
(1422, 51, 26, 20, 216),
(1423, 62, 87, 66, 352),
(1424, 15, 6, 8, 1),
(1425, 75, 7, 20, 557),
(1426, 68, 91, 90, 669),
(1427, 13, 15, 58, 725),
(1428, 82, 86, 25, 151),
(1429, 98, 81, 50, 77),
(1430, 53, 81, 98, 377),
(1431, 17, 96, 47, 566),
(1432, 39, 3, 87, 532),
(1433, 30, 88, 22, 710),
(1434, 75, 72, 32, 634),
(1435, 70, 34, 20, 704),
(1436, 86, 53, 61, 514),
(1437, 26, 41, 46, 728),
(1438, 48, 15, 98, 396),
(1439, 1, 38, 92, 174),
(1440, 54, 58, 96, 293),
(1441, 11, 84, 97, 663),
(1442, 72, 95, 86, 288),
(1443, 37, 13, 15, 666),
(1444, 94, 44, 8, 402),
(1445, 28, 76, 42, 857),
(1446, 35, 85, 18, 554),
(1447, 21, 55, 39, 506),
(1448, 20, 71, 98, 751),
(1449, 52, 7, 53, 71),
(1450, 27, 96, 11, 445),
(1451, 85, 38, 83, 246),
(1452, 84, 19, 13, 189),
(1453, 55, 21, 60, 572),
(1454, 83, 99, 51, 113),
(1455, 99, 67, 66, 178),
(1456, 16, 71, 45, 817),
(1457, 76, 91, 93, 263),
(1458, 12, 8, 32, 434),
(1459, 67, 60, 96, 898),
(1460, 55, 32, 7, 610),
(1461, 61, 17, 67, 284),
(1462, 85, 86, 44, 59),
(1463, 28, 23, 31, 480),
(1464, 83, 12, 23, 898),
(1465, 19, 56, 83, 536),
(1466, 9, 61, 87, 635),
(1467, 3, 73, 30, 468),
(1468, 58, 67, 32, 801),
(1469, 9, 67, 77, 599),
(1470, 92, 50, 92, 532),
(1471, 43, 36, 79, 896),
(1472, 12, 80, 53, 961),
(1473, 46, 63, 2, 100),
(1474, 38, 92, 2, 291),
(1475, 64, 5, 84, 205),
(1476, 87, 83, 6, 920),
(1477, 74, 95, 17, 889),
(1478, 20, 76, 95, 797),
(1479, 18, 70, 39, 835),
(1480, 63, 27, 28, 317),
(1481, 87, 38, 64, 29),
(1482, 25, 73, 5, 409),
(1483, 12, 8, 2, 671),
(1484, 58, 35, 84, 911),
(1485, 79, 90, 87, 50),
(1486, 24, 89, 86, 723),
(1487, 1, 20, 12, 761),
(1488, 74, 71, 23, 219),
(1489, 39, 21, 83, 143),
(1490, 80, 19, 69, 387),
(1491, 78, 55, 28, 306),
(1492, 71, 86, 46, 681),
(1493, 51, 4, 99, 387),
(1494, 10, 66, 15, 287),
(1495, 79, 52, 82, 793),
(1496, 74, 75, 39, 566),
(1497, 82, 45, 68, 50),
(1498, 54, 22, 55, 836),
(1499, 28, 51, 34, 45),
(1500, 85, 97, 19, 356),
(1501, 50, 86, 34, 284),
(1502, 31, 37, 5, 408),
(1503, 98, 1, 69, 963),
(1504, 75, 92, 58, 526),
(1505, 89, 54, 12, 925),
(1506, 45, 98, 8, 341),
(1507, 3, 86, 10, 582),
(1508, 87, 78, 23, 452),
(1509, 41, 70, 11, 727),
(1510, 77, 94, 42, 598),
(1511, 7, 4, 26, 323),
(1512, 75, 18, 31, 521),
(1513, 84, 87, 97, 745),
(1514, 69, 26, 26, 557),
(1515, 88, 67, 13, 318),
(1516, 41, 39, 10, 419),
(1517, 31, 5, 76, 282),
(1518, 56, 98, 62, 822),
(1519, 41, 7, 37, 981),
(1520, 62, 98, 40, 24),
(1521, 67, 6, 35, 318),
(1522, 67, 36, 42, 46),
(1523, 96, 30, 19, 926),
(1524, 49, 77, 36, 100),
(1525, 65, 45, 89, 592),
(1526, 79, 12, 98, 440),
(1527, 32, 6, 14, 428),
(1528, 18, 34, 71, 752),
(1529, 71, 98, 32, 244),
(1530, 77, 81, 31, 431),
(1531, 46, 46, 36, 733),
(1532, 47, 68, 58, 164),
(1533, 87, 6, 38, 828),
(1534, 81, 68, 41, 609),
(1535, 90, 41, 64, 683),
(1536, 54, 14, 44, 860),
(1537, 71, 35, 13, 310),
(1538, 59, 28, 24, 384),
(1539, 94, 19, 25, 953),
(1540, 25, 98, 58, 44),
(1541, 39, 57, 44, 274),
(1542, 72, 7, 85, 653),
(1543, 98, 4, 50, 170),
(1544, 11, 11, 26, 48),
(1545, 3, 90, 39, 127),
(1546, 27, 39, 82, 140),
(1547, 12, 50, 25, 485),
(1548, 67, 59, 23, 781),
(1549, 81, 65, 58, 530),
(1550, 36, 90, 44, 816),
(1551, 60, 36, 2, 373),
(1552, 2, 47, 66, 600),
(1553, 35, 26, 18, 385),
(1554, 53, 48, 94, 275),
(1555, 7, 33, 41, 948),
(1556, 31, 49, 27, 682),
(1557, 18, 37, 34, 922),
(1558, 63, 80, 75, 782),
(1559, 69, 37, 17, 413),
(1560, 73, 74, 26, 550),
(1561, 16, 43, 23, 704),
(1562, 44, 5, 51, 396),
(1563, 33, 2, 26, 330),
(1564, 68, 79, 54, 77),
(1565, 80, 54, 51, 394),
(1566, 64, 62, 62, 19),
(1567, 69, 83, 62, 603),
(1568, 8, 20, 72, 517),
(1569, 59, 85, 5, 216),
(1570, 40, 40, 80, 869),
(1571, 27, 20, 82, 905),
(1572, 60, 3, 59, 790),
(1573, 70, 49, 43, 234),
(1574, 29, 51, 49, 343),
(1575, 28, 59, 85, 871),
(1576, 50, 20, 17, 318),
(1577, 35, 64, 55, 914),
(1578, 90, 59, 45, 235),
(1579, 23, 45, 25, 775),
(1580, 8, 33, 24, 327),
(1581, 65, 81, 64, 98),
(1582, 69, 23, 28, 313),
(1583, 37, 49, 95, 954),
(1584, 38, 53, 92, 953),
(1585, 47, 12, 21, 618),
(1586, 89, 31, 19, 265),
(1587, 97, 66, 91, 121),
(1588, 75, 83, 28, 660),
(1589, 28, 45, 75, 383),
(1590, 89, 77, 87, 520),
(1591, 32, 42, 26, 493),
(1592, 46, 27, 91, 20),
(1593, 53, 59, 13, 330),
(1594, 48, 6, 86, 734),
(1595, 14, 76, 21, 136),
(1596, 82, 40, 55, 83),
(1597, 65, 78, 25, 872),
(1598, 74, 51, 14, 204),
(1599, 20, 4, 7, 19),
(1600, 5, 69, 46, 960),
(1601, 77, 84, 79, 468),
(1602, 52, 96, 75, 320),
(1603, 81, 1, 68, 569),
(1604, 8, 21, 21, 372),
(1605, 2, 92, 61, 593),
(1606, 13, 91, 19, 873),
(1607, 32, 25, 79, 292),
(1608, 2, 96, 7, 606),
(1609, 24, 20, 67, 402),
(1610, 3, 11, 11, 562),
(1611, 54, 37, 2, 678),
(1612, 10, 38, 85, 526),
(1613, 83, 13, 89, 198),
(1614, 33, 35, 99, 129),
(1615, 28, 13, 98, 829),
(1616, 9, 34, 78, 309),
(1617, 91, 36, 31, 428),
(1618, 45, 40, 82, 680),
(1619, 70, 56, 39, 897),
(1620, 46, 84, 99, 1000),
(1621, 21, 24, 33, 446),
(1622, 39, 77, 79, 330),
(1623, 23, 88, 75, 428),
(1624, 24, 37, 2, 532),
(1625, 76, 61, 67, 596),
(1626, 94, 80, 96, 695),
(1627, 72, 37, 93, 396),
(1628, 48, 33, 14, 498),
(1629, 33, 21, 59, 559),
(1630, 95, 50, 62, 310),
(1631, 59, 87, 68, 110),
(1632, 54, 82, 74, 622),
(1633, 93, 24, 33, 670),
(1634, 97, 23, 98, 257),
(1635, 42, 86, 39, 540),
(1636, 62, 17, 29, 976),
(1637, 30, 92, 46, 380),
(1638, 15, 65, 33, 520),
(1639, 51, 16, 37, 566),
(1640, 48, 4, 29, 465),
(1641, 22, 58, 53, 858),
(1642, 98, 5, 77, 22),
(1643, 33, 72, 71, 199),
(1644, 76, 55, 7, 910),
(1645, 76, 34, 64, 267),
(1646, 17, 7, 94, 850),
(1647, 79, 22, 32, 676),
(1648, 6, 19, 48, 302),
(1649, 61, 77, 31, 402),
(1650, 67, 80, 6, 515),
(1651, 63, 77, 22, 919),
(1652, 75, 76, 79, 194),
(1653, 57, 89, 72, 215),
(1654, 93, 8, 52, 121),
(1655, 1, 85, 53, 661),
(1656, 37, 34, 12, 486),
(1657, 29, 63, 25, 388),
(1658, 43, 86, 73, 49),
(1659, 43, 7, 94, 464),
(1660, 83, 20, 26, 209),
(1661, 21, 38, 31, 924),
(1662, 36, 63, 34, 94),
(1663, 25, 61, 61, 808),
(1664, 49, 23, 64, 588),
(1665, 51, 95, 34, 638),
(1666, 98, 77, 4, 971),
(1667, 26, 98, 77, 493),
(1668, 48, 46, 44, 405),
(1669, 8, 30, 10, 844),
(1670, 17, 4, 94, 407),
(1671, 32, 70, 9, 38),
(1672, 86, 96, 33, 11),
(1673, 97, 32, 96, 168),
(1674, 69, 59, 40, 613),
(1675, 28, 80, 5, 547),
(1676, 60, 20, 70, 122),
(1677, 76, 80, 56, 599),
(1678, 49, 65, 44, 313),
(1679, 84, 38, 57, 960),
(1680, 29, 77, 68, 53),
(1681, 70, 58, 46, 158),
(1682, 56, 20, 28, 668),
(1683, 12, 37, 78, 768),
(1684, 73, 68, 45, 763),
(1685, 43, 72, 64, 665),
(1686, 83, 17, 84, 953),
(1687, 25, 49, 19, 594),
(1688, 31, 10, 48, 714),
(1689, 86, 3, 19, 877),
(1690, 76, 50, 38, 25),
(1691, 58, 79, 19, 458),
(1692, 83, 47, 34, 152),
(1693, 97, 6, 79, 58),
(1694, 92, 68, 20, 883),
(1695, 22, 69, 76, 174),
(1696, 19, 45, 66, 394),
(1697, 79, 98, 9, 236),
(1698, 42, 77, 78, 54),
(1699, 34, 34, 12, 291),
(1700, 52, 16, 98, 152),
(1701, 45, 6, 58, 731),
(1702, 66, 31, 22, 732),
(1703, 86, 11, 89, 998),
(1704, 26, 97, 78, 712),
(1705, 68, 20, 17, 694),
(1706, 44, 99, 87, 990),
(1707, 84, 32, 77, 16),
(1708, 47, 73, 28, 28),
(1709, 80, 9, 73, 772),
(1710, 7, 80, 40, 253),
(1711, 76, 33, 56, 583),
(1712, 12, 6, 1, 794),
(1713, 9, 67, 20, 740),
(1714, 27, 91, 57, 361),
(1715, 93, 23, 1, 130),
(1716, 39, 9, 82, 118),
(1717, 5, 89, 37, 930),
(1718, 16, 50, 78, 551),
(1719, 19, 12, 52, 152),
(1720, 7, 69, 67, 135),
(1721, 22, 30, 14, 110),
(1722, 61, 50, 35, 895),
(1723, 19, 35, 39, 617),
(1724, 68, 87, 6, 82),
(1725, 38, 57, 2, 560),
(1726, 53, 34, 27, 145),
(1727, 94, 26, 67, 58),
(1728, 87, 24, 96, 84),
(1729, 57, 20, 37, 183),
(1730, 78, 82, 14, 924),
(1731, 42, 54, 84, 839),
(1732, 26, 60, 69, 172),
(1733, 69, 28, 84, 171),
(1734, 52, 97, 30, 233),
(1735, 90, 53, 27, 962),
(1736, 84, 35, 27, 622),
(1737, 35, 52, 71, 813),
(1738, 88, 32, 60, 664),
(1739, 93, 41, 92, 72),
(1740, 51, 63, 45, 220),
(1741, 49, 22, 72, 199),
(1742, 79, 53, 44, 628),
(1743, 13, 40, 91, 561),
(1744, 8, 73, 99, 30),
(1745, 83, 66, 29, 887),
(1746, 73, 69, 70, 187),
(1747, 11, 27, 83, 401),
(1748, 90, 66, 93, 711),
(1749, 90, 55, 49, 545),
(1750, 82, 95, 56, 105),
(1751, 34, 14, 54, 273),
(1752, 41, 64, 61, 20),
(1753, 18, 13, 77, 355),
(1754, 53, 50, 37, 649),
(1755, 98, 35, 28, 508),
(1756, 41, 45, 97, 191),
(1757, 76, 66, 61, 267),
(1758, 67, 57, 44, 579),
(1759, 71, 99, 6, 750),
(1760, 87, 39, 22, 225),
(1761, 99, 31, 53, 266),
(1762, 28, 18, 34, 797),
(1763, 48, 54, 3, 858),
(1764, 90, 14, 22, 574),
(1765, 32, 93, 17, 656),
(1766, 79, 94, 46, 456),
(1767, 76, 19, 22, 666),
(1768, 34, 5, 71, 684),
(1769, 12, 8, 66, 347),
(1770, 78, 50, 25, 732),
(1771, 63, 68, 84, 831),
(1772, 81, 9, 28, 150),
(1773, 68, 52, 27, 87),
(1774, 82, 22, 53, 866),
(1775, 85, 97, 55, 882),
(1776, 59, 29, 40, 491),
(1777, 41, 87, 23, 770),
(1778, 49, 93, 97, 75),
(1779, 56, 17, 31, 509),
(1780, 2, 47, 23, 765),
(1781, 88, 55, 68, 460),
(1782, 19, 72, 54, 630),
(1783, 24, 98, 75, 82),
(1784, 10, 92, 50, 911),
(1785, 92, 61, 16, 789),
(1786, 55, 64, 88, 742),
(1787, 22, 89, 71, 121),
(1788, 84, 14, 44, 969),
(1789, 32, 81, 46, 800),
(1790, 20, 99, 29, 173),
(1791, 16, 22, 75, 967),
(1792, 11, 84, 25, 491),
(1793, 25, 25, 73, 758),
(1794, 41, 67, 75, 930),
(1795, 81, 13, 76, 849),
(1796, 55, 35, 15, 824),
(1797, 97, 58, 84, 806),
(1798, 6, 79, 1, 775),
(1799, 45, 30, 73, 274),
(1800, 9, 26, 39, 183),
(1801, 15, 38, 17, 706),
(1802, 24, 56, 80, 772),
(1803, 22, 63, 19, 689),
(1804, 6, 93, 57, 29),
(1805, 13, 23, 3, 563),
(1806, 5, 49, 26, 965),
(1807, 64, 26, 26, 376),
(1808, 93, 33, 80, 396),
(1809, 87, 74, 89, 576),
(1810, 37, 13, 65, 571),
(1811, 67, 22, 86, 190),
(1812, 84, 34, 10, 291),
(1813, 25, 98, 35, 88),
(1814, 52, 94, 41, 699),
(1815, 82, 86, 44, 410),
(1816, 93, 61, 61, 529),
(1817, 61, 11, 60, 186),
(1818, 57, 38, 16, 830),
(1819, 90, 92, 71, 782),
(1820, 68, 49, 3, 223),
(1821, 62, 60, 38, 911),
(1822, 96, 36, 44, 522),
(1823, 41, 71, 94, 741),
(1824, 57, 17, 72, 919),
(1825, 15, 77, 21, 235),
(1826, 91, 51, 26, 328),
(1827, 88, 17, 15, 641),
(1828, 79, 76, 30, 129),
(1829, 66, 71, 70, 872),
(1830, 38, 46, 45, 640),
(1831, 97, 85, 94, 572),
(1832, 38, 74, 1, 23),
(1833, 23, 47, 56, 974),
(1834, 84, 49, 89, 468),
(1835, 82, 8, 61, 959),
(1836, 95, 93, 29, 242),
(1837, 88, 93, 24, 112),
(1838, 46, 74, 60, 559),
(1839, 35, 83, 39, 612),
(1840, 11, 83, 5, 484),
(1841, 47, 82, 88, 302),
(1842, 67, 93, 5, 562),
(1843, 51, 88, 31, 807),
(1844, 43, 42, 15, 461),
(1845, 27, 33, 87, 398),
(1846, 59, 12, 52, 279),
(1847, 9, 45, 78, 230),
(1848, 24, 73, 17, 418),
(1849, 91, 34, 22, 594),
(1850, 91, 36, 20, 214),
(1851, 25, 28, 9, 458),
(1852, 98, 71, 24, 668),
(1853, 34, 91, 70, 915),
(1854, 69, 45, 16, 482),
(1855, 64, 62, 5, 677),
(1856, 21, 97, 73, 264),
(1857, 5, 51, 90, 895),
(1858, 77, 93, 66, 592),
(1859, 72, 65, 77, 372),
(1860, 89, 11, 55, 63),
(1861, 85, 75, 73, 169),
(1862, 46, 47, 31, 763),
(1863, 3, 32, 43, 952),
(1864, 31, 19, 84, 775),
(1865, 47, 66, 69, 254),
(1866, 99, 56, 28, 89),
(1867, 35, 97, 72, 164),
(1868, 76, 45, 84, 62),
(1869, 83, 23, 6, 464),
(1870, 95, 54, 98, 422),
(1871, 67, 80, 14, 685),
(1872, 11, 59, 70, 940),
(1873, 5, 28, 92, 31),
(1874, 16, 82, 92, 158),
(1875, 12, 71, 92, 856),
(1876, 25, 62, 15, 805),
(1877, 85, 13, 21, 10),
(1878, 15, 66, 51, 29),
(1879, 74, 20, 96, 766),
(1880, 21, 21, 28, 345),
(1881, 36, 69, 81, 630),
(1882, 31, 89, 8, 78),
(1883, 92, 20, 26, 962),
(1884, 19, 59, 49, 722),
(1885, 32, 78, 91, 332),
(1886, 26, 25, 34, 846),
(1887, 47, 41, 75, 681),
(1888, 11, 48, 97, 103),
(1889, 18, 32, 96, 101),
(1890, 70, 49, 62, 517),
(1891, 27, 8, 97, 851),
(1892, 6, 42, 5, 925),
(1893, 21, 38, 32, 909),
(1894, 9, 49, 10, 533),
(1895, 44, 50, 71, 382),
(1896, 43, 21, 91, 960),
(1897, 25, 53, 36, 475),
(1898, 38, 33, 47, 893),
(1899, 84, 64, 22, 620),
(1900, 65, 66, 13, 491),
(1901, 72, 38, 37, 508),
(1902, 78, 9, 36, 245),
(1903, 98, 17, 51, 360),
(1904, 23, 85, 25, 288),
(1905, 37, 71, 17, 519),
(1906, 90, 10, 55, 385),
(1907, 15, 81, 74, 387),
(1908, 75, 72, 34, 792),
(1909, 18, 72, 38, 856),
(1910, 81, 35, 2, 535),
(1911, 60, 18, 8, 793),
(1912, 68, 78, 82, 101),
(1913, 66, 41, 42, 56),
(1914, 86, 34, 67, 312),
(1915, 16, 24, 98, 123),
(1916, 35, 32, 94, 365),
(1917, 50, 63, 40, 461),
(1918, 44, 7, 7, 134),
(1919, 98, 6, 59, 329),
(1920, 80, 21, 38, 170),
(1921, 43, 95, 93, 411),
(1922, 59, 46, 64, 589),
(1923, 9, 75, 63, 999),
(1924, 55, 10, 54, 578),
(1925, 82, 13, 4, 625),
(1926, 40, 22, 51, 703),
(1927, 15, 76, 18, 840),
(1928, 16, 87, 65, 903),
(1929, 93, 13, 37, 493),
(1930, 94, 14, 34, 493),
(1931, 12, 30, 24, 35),
(1932, 66, 72, 42, 813),
(1933, 76, 93, 87, 620),
(1934, 6, 86, 99, 889),
(1935, 66, 36, 86, 488),
(1936, 88, 44, 45, 150),
(1937, 12, 51, 84, 592),
(1938, 41, 41, 88, 738),
(1939, 22, 26, 84, 391),
(1940, 48, 15, 44, 796),
(1941, 83, 43, 52, 183),
(1942, 40, 12, 71, 39),
(1943, 65, 6, 20, 842),
(1944, 61, 77, 64, 720),
(1945, 87, 79, 94, 616),
(1946, 93, 78, 63, 853),
(1947, 48, 30, 91, 801),
(1948, 53, 50, 67, 36),
(1949, 14, 63, 89, 252),
(1950, 57, 48, 78, 350),
(1951, 92, 37, 57, 768),
(1952, 25, 18, 97, 725),
(1953, 80, 98, 19, 158),
(1954, 88, 57, 62, 362),
(1955, 53, 26, 21, 578),
(1956, 16, 41, 30, 516),
(1957, 89, 61, 41, 489),
(1958, 12, 28, 54, 35),
(1959, 10, 20, 22, 665),
(1960, 48, 75, 48, 139),
(1961, 70, 48, 64, 126),
(1962, 88, 39, 60, 556),
(1963, 58, 45, 4, 391),
(1964, 69, 54, 53, 167),
(1965, 31, 38, 36, 656),
(1966, 97, 80, 19, 157),
(1967, 24, 58, 58, 759),
(1968, 84, 47, 29, 234),
(1969, 60, 33, 10, 169),
(1970, 78, 12, 51, 761),
(1971, 95, 82, 55, 235),
(1972, 97, 2, 27, 444),
(1973, 79, 74, 14, 818),
(1974, 18, 63, 18, 491),
(1975, 67, 60, 28, 419),
(1976, 98, 12, 42, 59),
(1977, 43, 53, 27, 518),
(1978, 12, 11, 89, 402),
(1979, 89, 30, 60, 77),
(1980, 48, 1, 62, 519),
(1981, 53, 18, 98, 987),
(1982, 24, 87, 18, 679),
(1983, 65, 3, 75, 174),
(1984, 78, 74, 26, 268),
(1985, 32, 36, 77, 245),
(1986, 61, 59, 87, 445),
(1987, 96, 30, 33, 100),
(1988, 40, 27, 73, 477),
(1989, 22, 99, 28, 264),
(1990, 38, 71, 36, 252),
(1991, 77, 93, 47, 11),
(1992, 51, 8, 59, 683),
(1993, 67, 66, 74, 81),
(1994, 26, 5, 93, 42),
(1995, 49, 10, 88, 573),
(1996, 19, 53, 95, 240),
(1997, 53, 25, 29, 216),
(1998, 99, 22, 64, 845),
(1999, 81, 84, 12, 301),
(2000, 74, 64, 73, 72),
(2001, 69, 21, 96, 484);

-- --------------------------------------------------------

--
-- 資料表結構 `商品訊息`
--

CREATE TABLE `商品訊息` (
  `sid` int(255) NOT NULL,
  `商品名稱` varchar(255) NOT NULL,
  `商品類型` int(255) NOT NULL,
  `商品規格` int(255) NOT NULL,
  `供應商` int(255) NOT NULL,
  `庫存訊息` int(255) NOT NULL,
  `商品價格` int(255) NOT NULL,
  `商品圖片` varchar(255) DEFAULT NULL,
  `更新時間` date NOT NULL
) ENGINE=InnoDB DEFAULT CHARSET=utf8;

--
-- 傾印資料表的資料 `商品訊息`
--

INSERT INTO `商品訊息` (`sid`, `商品名稱`, `商品類型`, `商品規格`, `供應商`, `庫存訊息`, `商品價格`, `商品圖片`, `更新時間`) VALUES
(5, 'test2', 4, 1917, 6, 43, 461, '59450045.jpg', '1993-06-17'),
(6, 'test3', 3, 1849, 44, 51, 696, '167385274.jpg', '2019-01-15'),
(7, 'test4', 1, 1947, 13, 55, 455, '997419403.jpg', '1980-08-04'),
(8, 'test5', 2, 1628, 54, 30, 315, '215421369.jpg', '1991-08-25'),
(9, 'test6', 3, 1342, 50, 10, 672, '429806985.jpg', '1971-11-03'),
(10, 'test7', 5, 1087, 20, 11, 430, '675124226.jpg', '2012-10-11'),
(11, 'test8', 6, 1730, 23, 34, 388, '689289307.jpg', '1994-06-07'),
(12, 'test9', 5, 1401, 14, 47, 653, '1169225864.jpg', '1983-06-24'),
(13, 'test10', 3, 1343, 17, 50, 366, '372159666.jpg', '1973-05-23'),
(16, 'test13', 6, 1975, 19, 20, 291, '905540476.jpg', '1971-05-31'),
(17, 'test14', 4, 1439, 39, 35, 477, '632078210.jpg', '2018-02-28'),
(19, 'test16', 3, 1746, 2, 28, 565, '1415915646.jpg', '1984-06-24'),
(20, 'test17', 3, 1058, 56, 27, 298, '796221566.jpg', '2002-07-18'),
(22, 'test19', 2, 1984, 8, 49, 641, '38043808.jpg', '2002-10-18'),
(23, '測試', 1, 1008, 27, 60, 900, '2349539009g.jpg', '2017-01-17'),
(27, 'test99', 6, 1003, 21, 54, 999, '23467768.jpg', '2020-01-08'),
(28, '測試88', 5, 1011, 30, 56, 999, '21378974.jpg', '2017-01-16'),
(30, '111111', 5, 10, 31, 5, 999, '12312q.jpg', '2022-01-19'),
(38, '1234556', 4, 1002, 37, 39, 700, NULL, '2020-03-11'),
(42, '商品777', 4, 1010, 13, 38, 850, NULL, '2017-10-18'),
(58, '商品名稱', 3, 1005, 37, 22, 450, NULL, '2014-01-14'),
(66, '商品測試', 4, 1040, 50, 40, 960, NULL, '2017-06-05'),
(69, '32424', 1, 1077, 1, 26, 1232, NULL, '2022-01-13'),
(75, 'erw3', 1, 1006, 1, 24, 900, NULL, '2022-01-13'),
(89, 'r43oiuie', 1, 1248, 24, 53, 777, NULL, '2022-01-27'),
(96, '2315', 1, 2, 2, 2, 5644, NULL, '2022-01-12'),
(135, 'werewrwe', 1, 6, 4, 14, 990, NULL, '2022-01-11'),
(147, 'hkhjkjhkhjk', 1, 1110, 1, 57, 990, NULL, '2022-01-28'),
(148, 'gfdgd', 1, 1181, 1, 2, 456, NULL, '2022-01-21'),
(149, 'ffhfhdr', 1, 1116, 3, 46, 675, NULL, '2022-01-15'),
(150, 'werwesdf', 1, 1219, 1, 7, 345, '', '2022-01-13'),
(160, 'fgfghgnvb', 3, 1007, 3, 2, 990, NULL, '2018-03-20'),
(161, 'rewrew', 1, 2, 1, 2, 990, NULL, '2022-01-20'),
(162, 'sdfsdfeer', 1, 1, 1, 1, 9990, '', '2022-01-20'),
(163, 'sdfsf', 1, 1, 1, 1, 990, '', '2015-07-01'),
(164, 'retert', 1, 1, 1, 1, 990, '', '2021-12-30'),
(165, '555', 4, 1, 1, 1, 88, '', '2022-01-27');

-- --------------------------------------------------------

--
-- 資料表結構 `商品類型`
--

CREATE TABLE `商品類型` (
  `sid` int(255) NOT NULL,
  `類別名稱` varchar(255) NOT NULL,
  `更新日期` date NOT NULL
) ENGINE=InnoDB DEFAULT CHARSET=utf8mb4;

--
-- 傾印資料表的資料 `商品類型`
--

INSERT INTO `商品類型` (`sid`, `類別名稱`, `更新日期`) VALUES
(1, '絨毛玩具', '2015-01-02'),
(2, '益智遊戲', '2017-01-04'),
(3, '生活用品', '2017-01-11'),
(4, '圖書', '2020-01-09'),
(5, '服裝', '2019-01-10'),
(6, '文具用品', '2019-01-15');

-- --------------------------------------------------------

--
-- 資料表結構 `庫存表`
--

CREATE TABLE `庫存表` (
  `sid` int(255) NOT NULL,
  `庫存類別` int(255) NOT NULL,
  `倉庫數量` int(255) DEFAULT NULL,
  `現場數量` int(255) DEFAULT NULL,
  `現場位置` int(255) DEFAULT NULL,
  `更新時間` date NOT NULL
) ENGINE=InnoDB DEFAULT CHARSET=utf8;

--
-- 傾印資料表的資料 `庫存表`
--

INSERT INTO `庫存表` (`sid`, `庫存類別`, `倉庫數量`, `現場數量`, `現場位置`, `更新時間`) VALUES
(1, 1, 233, 0, NULL, '2022-01-01'),
(2, 1, 150, 0, NULL, '2009-01-07'),
(3, 1, 439, 0, NULL, '1999-12-23'),
(4, 1, 289, 0, NULL, '1985-04-11'),
(5, 1, 312, 0, NULL, '2019-01-18'),
(6, 1, 517, 0, NULL, '1987-03-05'),
(7, 1, 78, 0, NULL, '2014-09-29'),
(8, 1, 466, 0, NULL, '2014-10-21'),
(9, 1, 186, 0, NULL, '1984-10-27'),
(10, 1, 575, 0, NULL, '2018-09-04'),
(11, 1, 587, 0, NULL, '2018-07-14'),
(12, 1, 104, 0, NULL, '2005-09-25'),
(13, 1, 243, 0, NULL, '1981-04-27'),
(14, 1, 158, 0, NULL, '2005-11-17'),
(15, 1, 256, 0, NULL, '2017-02-03'),
(16, 1, 588, 0, NULL, '1995-10-17'),
(17, 1, 595, 0, NULL, '2013-11-21'),
(18, 1, 535, 0, NULL, '2008-05-31'),
(19, 1, 280, 0, NULL, '2007-11-19'),
(20, 1, 451, 0, NULL, '2006-05-30'),
(21, 1, 146, 0, NULL, '1995-01-23'),
(22, 2, 0, 449, 3, '1973-11-27'),
(23, 2, 0, 592, 4, '2007-07-26'),
(24, 2, 0, 104, 2, '1986-02-10'),
(25, 2, 0, 145, 3, '2001-12-29'),
(26, 2, 0, 425, 4, '1976-08-17'),
(27, 2, 0, 525, 4, '1997-01-28'),
(28, 2, 0, 510, 3, '2020-10-12'),
(29, 2, 0, 240, 3, '2001-10-15'),
(30, 2, 0, 404, 2, '1973-05-02'),
(31, 2, 0, 246, 3, '2014-04-26'),
(32, 2, 0, 107, 1, '1996-08-20'),
(33, 2, 0, 509, 1, '1994-11-09'),
(34, 2, 0, 477, 3, '2014-05-23'),
(35, 2, 0, 217, 4, '2020-06-25'),
(36, 2, 0, 501, 1, '2000-07-13'),
(37, 2, 0, 528, 4, '1999-08-11'),
(38, 2, 0, 297, 4, '2000-06-05'),
(39, 2, 0, 553, 4, '2017-02-15'),
(40, 2, 0, 563, 2, '2017-11-18'),
(41, 2, 0, 297, 4, '1992-04-23'),
(42, 3, 561, 313, 4, '2017-01-12'),
(43, 3, 227, 182, 3, '1994-10-04'),
(44, 3, 220, 491, 3, '2006-08-21'),
(45, 3, 356, 422, 2, '1993-01-30'),
(46, 3, 462, 239, 2, '1994-03-05'),
(47, 3, 173, 133, 4, '1970-11-23'),
(48, 3, 204, 392, 4, '2006-08-31'),
(49, 3, 106, 186, 4, '2005-04-04'),
(50, 3, 181, 254, 4, '1992-03-29'),
(51, 3, 488, 177, 1, '2013-01-16'),
(52, 3, 157, 87, 3, '2016-11-14'),
(53, 3, 66, 522, 3, '2017-12-14'),
(54, 3, 352, 524, 1, '2005-02-04'),
(55, 3, 77, 370, 2, '2002-09-02'),
(56, 3, 118, 483, 1, '1994-12-12'),
(57, 3, 317, 33, 2, '1995-03-25'),
(58, 3, 386, 16, 4, '1985-08-08'),
(59, 3, 89, 500, 4, '1979-06-19'),
(60, 3, 494, 194, 2, '2012-10-15'),
(61, 3, 310, 342, 4, '1991-01-22'),
(62, 1, 999, 0, NULL, '2022-01-19');

-- --------------------------------------------------------

--
-- 資料表結構 `庫存類別`
--

CREATE TABLE `庫存類別` (
  `sid` int(255) NOT NULL,
  `庫存種類` varchar(255) NOT NULL
) ENGINE=InnoDB DEFAULT CHARSET=utf8mb4;

--
-- 傾印資料表的資料 `庫存類別`
--

INSERT INTO `庫存類別` (`sid`, `庫存種類`) VALUES
(3, '網路及現場均有販售'),
(2, '限定現場販售'),
(1, '限定網路販售');

-- --------------------------------------------------------

--
-- 資料表結構 `現場館別`
--

CREATE TABLE `現場館別` (
  `sid` int(255) NOT NULL,
  `展場名稱` varchar(255) NOT NULL
) ENGINE=InnoDB DEFAULT CHARSET=utf8;

--
-- 傾印資料表的資料 `現場館別`
--

INSERT INTO `現場館別` (`sid`, `展場名稱`) VALUES
(4, '冰原'),
(2, '夜行'),
(3, '海底'),
(1, '熱帶');

--
-- 已傾印資料表的索引
--

--
-- 資料表索引 `供應商`
--
ALTER TABLE `供應商`
  ADD PRIMARY KEY (`sid`),
  ADD UNIQUE KEY `供應商名稱` (`供應商名稱`) USING BTREE;

--
-- 資料表索引 `商品規格`
--
ALTER TABLE `商品規格`
  ADD PRIMARY KEY (`sid`),
  ADD KEY `sid` (`sid`);

--
-- 資料表索引 `商品訊息`
--
ALTER TABLE `商品訊息`
  ADD PRIMARY KEY (`sid`),
  ADD UNIQUE KEY `商品名稱` (`商品名稱`),
  ADD KEY `供應商` (`供應商`),
  ADD KEY `商品類型` (`商品類型`),
  ADD KEY `sid` (`sid`);

--
-- 資料表索引 `商品類型`
--
ALTER TABLE `商品類型`
  ADD PRIMARY KEY (`sid`),
  ADD UNIQUE KEY `類別名稱` (`類別名稱`);

--
-- 資料表索引 `庫存表`
--
ALTER TABLE `庫存表`
  ADD PRIMARY KEY (`sid`),
  ADD KEY `sid` (`sid`),
  ADD KEY `庫存類別` (`庫存類別`),
  ADD KEY `現場位置` (`現場位置`);

--
-- 資料表索引 `庫存類別`
--
ALTER TABLE `庫存類別`
  ADD PRIMARY KEY (`sid`),
  ADD KEY `庫存種類` (`庫存種類`);

--
-- 資料表索引 `現場館別`
--
ALTER TABLE `現場館別`
  ADD PRIMARY KEY (`sid`),
  ADD UNIQUE KEY `展場名稱` (`展場名稱`),
  ADD KEY `sid` (`sid`);

--
-- 在傾印的資料表使用自動遞增(AUTO_INCREMENT)
--

--
-- 使用資料表自動遞增(AUTO_INCREMENT) `供應商`
--
ALTER TABLE `供應商`
  MODIFY `sid` int(255) NOT NULL AUTO_INCREMENT, AUTO_INCREMENT=61;

--
-- 使用資料表自動遞增(AUTO_INCREMENT) `商品規格`
--
ALTER TABLE `商品規格`
  MODIFY `sid` int(255) NOT NULL AUTO_INCREMENT, AUTO_INCREMENT=2002;

--
-- 使用資料表自動遞增(AUTO_INCREMENT) `商品訊息`
--
ALTER TABLE `商品訊息`
  MODIFY `sid` int(255) NOT NULL AUTO_INCREMENT, AUTO_INCREMENT=166;

--
-- 使用資料表自動遞增(AUTO_INCREMENT) `商品類型`
--
ALTER TABLE `商品類型`
  MODIFY `sid` int(255) NOT NULL AUTO_INCREMENT, AUTO_INCREMENT=7;

--
-- 使用資料表自動遞增(AUTO_INCREMENT) `庫存表`
--
ALTER TABLE `庫存表`
  MODIFY `sid` int(255) NOT NULL AUTO_INCREMENT, AUTO_INCREMENT=63;

--
-- 使用資料表自動遞增(AUTO_INCREMENT) `庫存類別`
--
ALTER TABLE `庫存類別`
  MODIFY `sid` int(255) NOT NULL AUTO_INCREMENT, AUTO_INCREMENT=4;

--
-- 使用資料表自動遞增(AUTO_INCREMENT) `現場館別`
--
ALTER TABLE `現場館別`
  MODIFY `sid` int(255) NOT NULL AUTO_INCREMENT, AUTO_INCREMENT=5;

--
-- 已傾印資料表的限制式
--

--
-- 資料表的限制式 `商品訊息`
--
ALTER TABLE `商品訊息`
  ADD CONSTRAINT `商品訊息_ibfk_1` FOREIGN KEY (`供應商`) REFERENCES `供應商` (`sid`),
  ADD CONSTRAINT `商品訊息_ibfk_2` FOREIGN KEY (`商品類型`) REFERENCES `商品類型` (`sid`),
  ADD CONSTRAINT `商品訊息_ibfk_3` FOREIGN KEY (`商品規格`) REFERENCES `商品規格` (`sid`),
  ADD CONSTRAINT `商品訊息_ibfk_4` FOREIGN KEY (`庫存訊息`) REFERENCES `庫存表` (`sid`);

--
-- 資料表的限制式 `庫存表`
--
ALTER TABLE `庫存表`
  ADD CONSTRAINT `庫存表_ibfk_1` FOREIGN KEY (`庫存類別`) REFERENCES `庫存類別` (`sid`),
  ADD CONSTRAINT `庫存表_ibfk_2` FOREIGN KEY (`現場位置`) REFERENCES `現場館別` (`sid`);
COMMIT;

/*!40101 SET CHARACTER_SET_CLIENT=@OLD_CHARACTER_SET_CLIENT */;
/*!40101 SET CHARACTER_SET_RESULTS=@OLD_CHARACTER_SET_RESULTS */;
/*!40101 SET COLLATION_CONNECTION=@OLD_COLLATION_CONNECTION */;
